,Image Name,Label
0,ae9cc2ca-5ffb-11ed-8a56-862cf371ce21.jpg,3.0
0,aea534a0-5ffb-11ed-8a56-862cf371ce21.jpg,3.0
0,aeda67ce-5ffb-11ed-8a56-862cf371ce21.jpg,3.0
0,aee2a0d8-5ffb-11ed-8a56-862cf371ce21.jpg,3.0
0,aeeabb92-5ffb-11ed-8a56-862cf371ce21.jpg,3.0
0,aef2fd66-5ffb-11ed-8a56-862cf371ce21.jpg,3.0
0,aefb589e-5ffb-11ed-8a56-862cf371ce21.jpg,3.0
0,af03ea5e-5ffb-11ed-8a56-862cf371ce21.jpg,3.0
0,af0c86f0-5ffb-11ed-8a56-862cf371ce21.jpg,3.0
0,af153e30-5ffb-11ed-8a56-862cf371ce21.jpg,3.0
0,af1f5c62-5ffb-11ed-8a56-862cf371ce21.jpg,3.0
0,af27c17c-5ffb-11ed-8a56-862cf371ce21.jpg,3.0
0,af303172-5ffb-11ed-8a56-862cf371ce21.jpg,3.0
0,af387c88-5ffb-11ed-8a56-862cf371ce21.jpg,3.0
0,af40e2ba-5ffb-11ed-8a56-862cf371ce21.jpg,3.0
0,af49d9ec-5ffb-11ed-8a56-862cf371ce21.jpg,3.0
0,af52fcfc-5ffb-11ed-8a56-862cf371ce21.jpg,3.0
0,af5bf596-5ffb-11ed-8a56-862cf371ce21.jpg,3.0
0,af65358e-5ffb-11ed-8a56-862cf371ce21.jpg,3.0
0,af6e26bc-5ffb-11ed-8a56-862cf371ce21.jpg,3.0
0,af7744b8-5ffb-11ed-8a56-862cf371ce21.jpg,3.0
0,af8003fa-5ffb-11ed-8a56-862cf371ce21.jpg,3.0
0,af890752-5ffb-11ed-8a56-862cf371ce21.jpg,3.0
0,afa0b618-5ffb-11ed-8a56-862cf371ce21.jpg,2.0
0,afa8c628-5ffb-11ed-8a56-862cf371ce21.jpg,2.0
0,afb0f62c-5ffb-11ed-8a56-862cf371ce21.jpg,2.0
0,afb934cc-5ffb-11ed-8a56-862cf371ce21.jpg,2.0
0,afc1a3fa-5ffb-11ed-8a56-862cf371ce21.jpg,2.0
0,afca106c-5ffb-11ed-8a56-862cf371ce21.jpg,2.0
0,afd2dc4c-5ffb-11ed-8a56-862cf371ce21.jpg,2.0
0,afdb3ac2-5ffb-11ed-8a56-862cf371ce21.jpg,2.0
0,afe3a0d6-5ffb-11ed-8a56-862cf371ce21.jpg,2.0
0,afec701c-5ffb-11ed-8a56-862cf371ce21.jpg,2.0
0,aff58ec2-5ffb-11ed-8a56-862cf371ce21.jpg,2.0
0,affdecb6-5ffb-11ed-8a56-862cf371ce21.jpg,2.0
0,b00659fa-5ffb-11ed-8a56-862cf371ce21.jpg,2.0
0,b00e98ae-5ffb-11ed-8a56-862cf371ce21.jpg,2.0
0,b0170a52-5ffb-11ed-8a56-862cf371ce21.jpg,2.0
0,b01f8e84-5ffb-11ed-8a56-862cf371ce21.jpg,2.0
0,b028d6c4-5ffb-11ed-8a56-862cf371ce21.jpg,2.0
0,b0312ce8-5ffb-11ed-8a56-862cf371ce21.jpg,2.0
0,b0396ad4-5ffb-11ed-8a56-862cf371ce21.jpg,2.0
0,b044e198-5ffb-11ed-8a56-862cf371ce21.jpg,2.0
0,b04d482e-5ffb-11ed-8a56-862cf371ce21.jpg,2.0
0,b055ce36-5ffb-11ed-8a56-862cf371ce21.jpg,2.0
0,b05e3b66-5ffb-11ed-8a56-862cf371ce21.jpg,2.0
0,b066a896-5ffb-11ed-8a56-862cf371ce21.jpg,2.0
0,b06f5e96-5ffb-11ed-8a56-862cf371ce21.jpg,2.0
0,b078553c-5ffb-11ed-8a56-862cf371ce21.jpg,2.0
0,b0817b30-5ffb-11ed-8a56-862cf371ce21.jpg,2.0
0,b08a5098-5ffb-11ed-8a56-862cf371ce21.jpg,2.0
0,b09335d2-5ffb-11ed-8a56-862cf371ce21.jpg,2.0
0,b0bc8dce-5ffb-11ed-8a56-862cf371ce21.jpg,3.0
0,b0c4d1e6-5ffb-11ed-8a56-862cf371ce21.jpg,3.0
0,b0cceffc-5ffb-11ed-8a56-862cf371ce21.jpg,3.0
0,b0d528b6-5ffb-11ed-8a56-862cf371ce21.jpg,3.0
0,b0dd73c2-5ffb-11ed-8a56-862cf371ce21.jpg,3.0
0,b0e5c0cc-5ffb-11ed-8a56-862cf371ce21.jpg,3.0
0,b0eeda68-5ffb-11ed-8a56-862cf371ce21.jpg,3.0
0,b0f891a2-5ffb-11ed-8a56-862cf371ce21.jpg,3.0
0,b100bbf2-5ffb-11ed-8a56-862cf371ce21.jpg,3.0
0,b108cefa-5ffb-11ed-8a56-862cf371ce21.jpg,3.0
0,b110fce2-5ffb-11ed-8a56-862cf371ce21.jpg,3.0
0,b1196dbe-5ffb-11ed-8a56-862cf371ce21.jpg,3.0
0,b1224998-5ffb-11ed-8a56-862cf371ce21.jpg,3.0
0,b12aeed6-5ffb-11ed-8a56-862cf371ce21.jpg,3.0
0,b133838e-5ffb-11ed-8a56-862cf371ce21.jpg,3.0
0,b13cd8b2-5ffb-11ed-8a56-862cf371ce21.jpg,3.0
0,b145532a-5ffb-11ed-8a56-862cf371ce21.jpg,3.0
0,b14e4566-5ffb-11ed-8a56-862cf371ce21.jpg,2.0
0,b1573b26-5ffb-11ed-8a56-862cf371ce21.jpg,2.0
0,b1602434-5ffb-11ed-8a56-862cf371ce21.jpg,2.0
0,b16942b2-5ffb-11ed-8a56-862cf371ce21.jpg,2.0
0,b171c374-5ffb-11ed-8a56-862cf371ce21.jpg,2.0
0,b17a9d3c-5ffb-11ed-8a56-862cf371ce21.jpg,2.0
0,b1830f8a-5ffb-11ed-8a56-862cf371ce21.jpg,2.0
0,b18bb3b0-5ffb-11ed-8a56-862cf371ce21.jpg,2.0
0,b1943bb6-5ffb-11ed-8a56-862cf371ce21.jpg,2.0
0,b19d014c-5ffb-11ed-8a56-862cf371ce21.jpg,2.0
0,b1a5c1f6-5ffb-11ed-8a56-862cf371ce21.jpg,2.0
0,b1af0270-5ffb-11ed-8a56-862cf371ce21.jpg,2.0
0,b1b79f20-5ffb-11ed-8a56-862cf371ce21.jpg,2.0
0,b1c04602-5ffb-11ed-8a56-862cf371ce21.jpg,2.0
0,b1c8d448-5ffb-11ed-8a56-862cf371ce21.jpg,2.0
0,b1d19c7c-5ffb-11ed-8a56-862cf371ce21.jpg,2.0
0,b1da5d08-5ffb-11ed-8a56-862cf371ce21.jpg,2.0
0,b1e355de-5ffb-11ed-8a56-862cf371ce21.jpg,2.0
0,b1eba37e-5ffb-11ed-8a56-862cf371ce21.jpg,2.0
0,b1f3ecfa-5ffb-11ed-8a56-862cf371ce21.jpg,2.0
0,b1fc804a-5ffb-11ed-8a56-862cf371ce21.jpg,2.0
0,b204efc8-5ffb-11ed-8a56-862cf371ce21.jpg,2.0
0,b20d6cfc-5ffb-11ed-8a56-862cf371ce21.jpg,2.0
0,b216205e-5ffb-11ed-8a56-862cf371ce21.jpg,2.0
0,b21f1a7e-5ffb-11ed-8a56-862cf371ce21.jpg,2.0
0,b228229a-5ffb-11ed-8a56-862cf371ce21.jpg,2.0
0,b230c2ec-5ffb-11ed-8a56-862cf371ce21.jpg,2.0
0,b239d0da-5ffb-11ed-8a56-862cf371ce21.jpg,2.0
0,b24212ea-5ffb-11ed-8a56-862cf371ce21.jpg,2.0
0,b24a735e-5ffb-11ed-8a56-862cf371ce21.jpg,2.0
0,b25355d2-5ffb-11ed-8a56-862cf371ce21.jpg,2.0
0,b25c0fc4-5ffb-11ed-8a56-862cf371ce21.jpg,2.0
0,b264aaf8-5ffb-11ed-8a56-862cf371ce21.jpg,2.0
0,b26d8952-5ffb-11ed-8a56-862cf371ce21.jpg,2.0
0,b2764fc4-5ffb-11ed-8a56-862cf371ce21.jpg,2.0
0,b27f3d82-5ffb-11ed-8a56-862cf371ce21.jpg,2.0
0,b2881f9c-5ffb-11ed-8a56-862cf371ce21.jpg,2.0
0,b29133b6-5ffb-11ed-8a56-862cf371ce21.jpg,2.0
0,b299f758-5ffb-11ed-8a56-862cf371ce21.jpg,2.0
0,b2a27a54-5ffb-11ed-8a56-862cf371ce21.jpg,2.0
0,b2aafcce-5ffb-11ed-8a56-862cf371ce21.jpg,2.0
0,b2b39bae-5ffb-11ed-8a56-862cf371ce21.jpg,1.0
0,b2bbfc40-5ffb-11ed-8a56-862cf371ce21.jpg,1.0
0,b2c4ba92-5ffb-11ed-8a56-862cf371ce21.jpg,1.0
0,b2cdb930-5ffb-11ed-8a56-862cf371ce21.jpg,1.0
0,b2d64d0c-5ffb-11ed-8a56-862cf371ce21.jpg,1.0
0,b2dea01a-5ffb-11ed-8a56-862cf371ce21.jpg,1.0
0,b2e6e50e-5ffb-11ed-8a56-862cf371ce21.jpg,1.0
0,b2ef38da-5ffb-11ed-8a56-862cf371ce21.jpg,1.0
0,b2f7d9b8-5ffb-11ed-8a56-862cf371ce21.jpg,1.0
0,b300c802-5ffb-11ed-8a56-862cf371ce21.jpg,1.0
0,b309d532-5ffb-11ed-8a56-862cf371ce21.jpg,1.0
0,b3128c7c-5ffb-11ed-8a56-862cf371ce21.jpg,1.0
0,b31b4dc6-5ffb-11ed-8a56-862cf371ce21.jpg,1.0
0,b323e454-5ffb-11ed-8a56-862cf371ce21.jpg,1.0
0,b32c92de-5ffb-11ed-8a56-862cf371ce21.jpg,2.0
0,b335cba6-5ffb-11ed-8a56-862cf371ce21.jpg,2.0
0,b33e44fc-5ffb-11ed-8a56-862cf371ce21.jpg,2.0
